[{"__symbolic":"module","version":3,"metadata":{"NgxDatatableModule":{"__symbolic":"class","decorators":[{"__symbolic":"call","expression":{"__symbolic":"reference","module":"@angular/core","name":"NgModule"},"arguments":[{"imports":[{"__symbolic":"reference","module":"@angular/common","name":"CommonModule"}],"providers":[{"__symbolic":"reference","module":"./services","name":"ScrollbarHelper"}],"declarations":[{"__symbolic":"reference","module":"./directives","name":"VisibilityDirective"},{"__symbolic":"reference","module":"./directives","name":"DraggableDirective"},{"__symbolic":"reference","module":"./directives","name":"ResizeableDirective"},{"__symbolic":"reference","module":"./directives","name":"OrderableDirective"},{"__symbolic":"reference","module":"./directives","name":"LongPressDirective"},{"__symbolic":"reference","module":"./components","name":"ScrollerComponent"},{"__symbolic":"reference","module":"./components","name":"DatatableComponent"},{"__symbolic":"reference","module":"./components","name":"DataTableColumnDirective"},{"__symbolic":"reference","module":"./components","name":"DataTableHeaderComponent"},{"__symbolic":"reference","module":"./components","name":"DataTableHeaderCellComponent"},{"__symbolic":"reference","module":"./components","name":"DataTableBodyComponent"},{"__symbolic":"reference","module":"./components","name":"DataTableFooterComponent"},{"__symbolic":"reference","module":"./components","name":"DataTablePagerComponent"},{"__symbolic":"reference","module":"./components","name":"ProgressBarComponent"},{"__symbolic":"reference","module":"./components","name":"DataTableBodyRowComponent"},{"__symbolic":"reference","module":"./components","name":"DataTableRowWrapperComponent"},{"__symbolic":"reference","module":"./components","name":"DatatableRowDetailDirective"},{"__symbolic":"reference","module":"./components","name":"DatatableRowDetailTemplateDirective"},{"__symbolic":"reference","module":"./components","name":"DataTableBodyCellComponent"},{"__symbolic":"reference","module":"./components","name":"DataTableSelectionComponent"},{"__symbolic":"reference","module":"./components","name":"DataTableColumnHeaderDirective"},{"__symbolic":"reference","module":"./components","name":"DataTableColumnCellDirective"}],"exports":[{"__symbolic":"reference","module":"./components","name":"DatatableComponent"},{"__symbolic":"reference","module":"./components","name":"DatatableRowDetailDirective"},{"__symbolic":"reference","module":"./components","name":"DatatableRowDetailTemplateDirective"},{"__symbolic":"reference","module":"./components","name":"DataTableColumnDirective"},{"__symbolic":"reference","module":"./components","name":"DataTableColumnHeaderDirective"},{"__symbolic":"reference","module":"./components","name":"DataTableColumnCellDirective"}]}]}]}}},{"__symbolic":"module","version":1,"metadata":{"NgxDatatableModule":{"__symbolic":"class","decorators":[{"__symbolic":"call","expression":{"__symbolic":"reference","module":"@angular/core","name":"NgModule"},"arguments":[{"imports":[{"__symbolic":"reference","module":"@angular/common","name":"CommonModule"}],"providers":[{"__symbolic":"reference","module":"./services","name":"ScrollbarHelper"}],"declarations":[{"__symbolic":"reference","module":"./directives","name":"VisibilityDirective"},{"__symbolic":"reference","module":"./directives","name":"DraggableDirective"},{"__symbolic":"reference","module":"./directives","name":"ResizeableDirective"},{"__symbolic":"reference","module":"./directives","name":"OrderableDirective"},{"__symbolic":"reference","module":"./directives","name":"LongPressDirective"},{"__symbolic":"reference","module":"./components","name":"ScrollerComponent"},{"__symbolic":"reference","module":"./components","name":"DatatableComponent"},{"__symbolic":"reference","module":"./components","name":"DataTableColumnDirective"},{"__symbolic":"reference","module":"./components","name":"DataTableHeaderComponent"},{"__symbolic":"reference","module":"./components","name":"DataTableHeaderCellComponent"},{"__symbolic":"reference","module":"./components","name":"DataTableBodyComponent"},{"__symbolic":"reference","module":"./components","name":"DataTableFooterComponent"},{"__symbolic":"reference","module":"./components","name":"DataTablePagerComponent"},{"__symbolic":"reference","module":"./components","name":"ProgressBarComponent"},{"__symbolic":"reference","module":"./components","name":"DataTableBodyRowComponent"},{"__symbolic":"reference","module":"./components","name":"DataTableRowWrapperComponent"},{"__symbolic":"reference","module":"./components","name":"DatatableRowDetailDirective"},{"__symbolic":"reference","module":"./components","name":"DatatableRowDetailTemplateDirective"},{"__symbolic":"reference","module":"./components","name":"DataTableBodyCellComponent"},{"__symbolic":"reference","module":"./components","name":"DataTableSelectionComponent"},{"__symbolic":"reference","module":"./components","name":"DataTableColumnHeaderDirective"},{"__symbolic":"reference","module":"./components","name":"DataTableColumnCellDirective"}],"exports":[{"__symbolic":"reference","module":"./components","name":"DatatableComponent"},{"__symbolic":"reference","module":"./components","name":"DatatableRowDetailDirective"},{"__symbolic":"reference","module":"./components","name":"DatatableRowDetailTemplateDirective"},{"__symbolic":"reference","module":"./components","name":"DataTableColumnDirective"},{"__symbolic":"reference","module":"./components","name":"DataTableColumnHeaderDirective"},{"__symbolic":"reference","module":"./components","name":"DataTableColumnCellDirective"}]}]}]}}}]