[{"__symbolic":"module","version":3,"metadata":{"DataTableHeaderComponent":{"__symbolic":"class","decorators":[{"__symbolic":"call","expression":{"__symbolic":"reference","module":"@angular/core","name":"Component"},"arguments":[{"selector":"datatable-header","template":"\n    <div\n      orderable\n      (reorder)=\"onColumnReordered($event)\"\n      [style.width.px]=\"columnGroupWidths.total\"\n      class=\"datatable-header-inner\">\n      <div\n        *ngFor=\"let colGroup of columnsByPin; trackBy: trackByGroups\"\n        [class]=\"'datatable-row-' + colGroup.type\"\n        [ngStyle]=\"stylesByGroup(colGroup.type)\">\n        <datatable-header-cell\n          *ngFor=\"let column of colGroup.columns; trackBy: columnTrackingFn\"\n          resizeable\n          [resizeEnabled]=\"column.resizeable\"\n          (resize)=\"onColumnResized($event, column)\"\n          long-press\n          [pressModel]=\"column\"\n          (longPressStart)=\"onLongPressStart($event)\"\n          (longPressEnd)=\"onLongPressEnd($event)\"\n          draggable\n          [dragX]=\"reorderable && column.draggable && column.dragging\"\n          [dragY]=\"false\"\n          [dragModel]=\"column\"\n          [dragEventTarget]=\"dragEventTarget\"\n          [headerHeight]=\"headerHeight\"\n          [column]=\"column\"\n          [sortType]=\"sortType\"\n          [sorts]=\"sorts\"\n          [selectionType]=\"selectionType\"\n          [sortAscendingIcon]=\"sortAscendingIcon\"\n          [sortDescendingIcon]=\"sortDescendingIcon\"\n          (sort)=\"onSort($event)\"\n          (select)=\"select.emit($event)\">\n        </datatable-header-cell>\n      </div>\n    </div>\n  ","host":{"class":"datatable-header"}}]}],"members":{"sortAscendingIcon":[{"__symbolic":"property","decorators":[{"__symbolic":"call","expression":{"__symbolic":"reference","module":"@angular/core","name":"Input"}}]}],"sortDescendingIcon":[{"__symbolic":"property","decorators":[{"__symbolic":"call","expression":{"__symbolic":"reference","module":"@angular/core","name":"Input"}}]}],"scrollbarH":[{"__symbolic":"property","decorators":[{"__symbolic":"call","expression":{"__symbolic":"reference","module":"@angular/core","name":"Input"}}]}],"innerWidth":[{"__symbolic":"property","decorators":[{"__symbolic":"call","expression":{"__symbolic":"reference","module":"@angular/core","name":"Input"}}]}],"offsetX":[{"__symbolic":"property","decorators":[{"__symbolic":"call","expression":{"__symbolic":"reference","module":"@angular/core","name":"Input"}}]}],"sorts":[{"__symbolic":"property","decorators":[{"__symbolic":"call","expression":{"__symbolic":"reference","module":"@angular/core","name":"Input"}}]}],"sortType":[{"__symbolic":"property","decorators":[{"__symbolic":"call","expression":{"__symbolic":"reference","module":"@angular/core","name":"Input"}}]}],"allRowsSelected":[{"__symbolic":"property","decorators":[{"__symbolic":"call","expression":{"__symbolic":"reference","module":"@angular/core","name":"Input"}}]}],"selectionType":[{"__symbolic":"property","decorators":[{"__symbolic":"call","expression":{"__symbolic":"reference","module":"@angular/core","name":"Input"}}]}],"reorderable":[{"__symbolic":"property","decorators":[{"__symbolic":"call","expression":{"__symbolic":"reference","module":"@angular/core","name":"Input"}}]}],"headerHeight":[{"__symbolic":"property","decorators":[{"__symbolic":"call","expression":{"__symbolic":"reference","module":"@angular/core","name":"HostBinding"},"arguments":["style.height"]},{"__symbolic":"call","expression":{"__symbolic":"reference","module":"@angular/core","name":"Input"}}]}],"columns":[{"__symbolic":"property","decorators":[{"__symbolic":"call","expression":{"__symbolic":"reference","module":"@angular/core","name":"Input"}}]}],"sort":[{"__symbolic":"property","decorators":[{"__symbolic":"call","expression":{"__symbolic":"reference","module":"@angular/core","name":"Output"}}]}],"reorder":[{"__symbolic":"property","decorators":[{"__symbolic":"call","expression":{"__symbolic":"reference","module":"@angular/core","name":"Output"}}]}],"resize":[{"__symbolic":"property","decorators":[{"__symbolic":"call","expression":{"__symbolic":"reference","module":"@angular/core","name":"Output"}}]}],"select":[{"__symbolic":"property","decorators":[{"__symbolic":"call","expression":{"__symbolic":"reference","module":"@angular/core","name":"Output"}}]}],"onLongPressStart":[{"__symbolic":"method"}],"onLongPressEnd":[{"__symbolic":"method"}],"headerWidth":[{"__symbolic":"property","decorators":[{"__symbolic":"call","expression":{"__symbolic":"reference","module":"@angular/core","name":"HostBinding"},"arguments":["style.width"]}]}],"trackByGroups":[{"__symbolic":"method"}],"columnTrackingFn":[{"__symbolic":"method"}],"onColumnResized":[{"__symbolic":"method"}],"onColumnReordered":[{"__symbolic":"method"}],"onSort":[{"__symbolic":"method"}],"calcNewSorts":[{"__symbolic":"method"}],"stylesByGroup":[{"__symbolic":"method"}]}}}},{"__symbolic":"module","version":1,"metadata":{"DataTableHeaderComponent":{"__symbolic":"class","decorators":[{"__symbolic":"call","expression":{"__symbolic":"reference","module":"@angular/core","name":"Component"},"arguments":[{"selector":"datatable-header","template":"\n    <div\n      orderable\n      (reorder)=\"onColumnReordered($event)\"\n      [style.width.px]=\"columnGroupWidths.total\"\n      class=\"datatable-header-inner\">\n      <div\n        *ngFor=\"let colGroup of columnsByPin; trackBy: trackByGroups\"\n        [class]=\"'datatable-row-' + colGroup.type\"\n        [ngStyle]=\"stylesByGroup(colGroup.type)\">\n        <datatable-header-cell\n          *ngFor=\"let column of colGroup.columns; trackBy: columnTrackingFn\"\n          resizeable\n          [resizeEnabled]=\"column.resizeable\"\n          (resize)=\"onColumnResized($event, column)\"\n          long-press\n          [pressModel]=\"column\"\n          (longPressStart)=\"onLongPressStart($event)\"\n          (longPressEnd)=\"onLongPressEnd($event)\"\n          draggable\n          [dragX]=\"reorderable && column.draggable && column.dragging\"\n          [dragY]=\"false\"\n          [dragModel]=\"column\"\n          [dragEventTarget]=\"dragEventTarget\"\n          [headerHeight]=\"headerHeight\"\n          [column]=\"column\"\n          [sortType]=\"sortType\"\n          [sorts]=\"sorts\"\n          [selectionType]=\"selectionType\"\n          [sortAscendingIcon]=\"sortAscendingIcon\"\n          [sortDescendingIcon]=\"sortDescendingIcon\"\n          (sort)=\"onSort($event)\"\n          (select)=\"select.emit($event)\">\n        </datatable-header-cell>\n      </div>\n    </div>\n  ","host":{"class":"datatable-header"}}]}],"members":{"sortAscendingIcon":[{"__symbolic":"property","decorators":[{"__symbolic":"call","expression":{"__symbolic":"reference","module":"@angular/core","name":"Input"}}]}],"sortDescendingIcon":[{"__symbolic":"property","decorators":[{"__symbolic":"call","expression":{"__symbolic":"reference","module":"@angular/core","name":"Input"}}]}],"scrollbarH":[{"__symbolic":"property","decorators":[{"__symbolic":"call","expression":{"__symbolic":"reference","module":"@angular/core","name":"Input"}}]}],"innerWidth":[{"__symbolic":"property","decorators":[{"__symbolic":"call","expression":{"__symbolic":"reference","module":"@angular/core","name":"Input"}}]}],"offsetX":[{"__symbolic":"property","decorators":[{"__symbolic":"call","expression":{"__symbolic":"reference","module":"@angular/core","name":"Input"}}]}],"sorts":[{"__symbolic":"property","decorators":[{"__symbolic":"call","expression":{"__symbolic":"reference","module":"@angular/core","name":"Input"}}]}],"sortType":[{"__symbolic":"property","decorators":[{"__symbolic":"call","expression":{"__symbolic":"reference","module":"@angular/core","name":"Input"}}]}],"allRowsSelected":[{"__symbolic":"property","decorators":[{"__symbolic":"call","expression":{"__symbolic":"reference","module":"@angular/core","name":"Input"}}]}],"selectionType":[{"__symbolic":"property","decorators":[{"__symbolic":"call","expression":{"__symbolic":"reference","module":"@angular/core","name":"Input"}}]}],"reorderable":[{"__symbolic":"property","decorators":[{"__symbolic":"call","expression":{"__symbolic":"reference","module":"@angular/core","name":"Input"}}]}],"headerHeight":[{"__symbolic":"property","decorators":[{"__symbolic":"call","expression":{"__symbolic":"reference","module":"@angular/core","name":"HostBinding"},"arguments":["style.height"]},{"__symbolic":"call","expression":{"__symbolic":"reference","module":"@angular/core","name":"Input"}}]}],"columns":[{"__symbolic":"property","decorators":[{"__symbolic":"call","expression":{"__symbolic":"reference","module":"@angular/core","name":"Input"}}]}],"sort":[{"__symbolic":"property","decorators":[{"__symbolic":"call","expression":{"__symbolic":"reference","module":"@angular/core","name":"Output"}}]}],"reorder":[{"__symbolic":"property","decorators":[{"__symbolic":"call","expression":{"__symbolic":"reference","module":"@angular/core","name":"Output"}}]}],"resize":[{"__symbolic":"property","decorators":[{"__symbolic":"call","expression":{"__symbolic":"reference","module":"@angular/core","name":"Output"}}]}],"select":[{"__symbolic":"property","decorators":[{"__symbolic":"call","expression":{"__symbolic":"reference","module":"@angular/core","name":"Output"}}]}],"onLongPressStart":[{"__symbolic":"method"}],"onLongPressEnd":[{"__symbolic":"method"}],"headerWidth":[{"__symbolic":"property","decorators":[{"__symbolic":"call","expression":{"__symbolic":"reference","module":"@angular/core","name":"HostBinding"},"arguments":["style.width"]}]}],"trackByGroups":[{"__symbolic":"method"}],"columnTrackingFn":[{"__symbolic":"method"}],"onColumnResized":[{"__symbolic":"method"}],"onColumnReordered":[{"__symbolic":"method"}],"onSort":[{"__symbolic":"method"}],"calcNewSorts":[{"__symbolic":"method"}],"stylesByGroup":[{"__symbolic":"method"}]}}}}]