[{"__symbolic":"module","version":3,"metadata":{"DataTableColumnHeaderDirective":{"__symbolic":"class","decorators":[{"__symbolic":"call","expression":{"__symbolic":"reference","module":"@angular/core","name":"Directive"},"arguments":[{"selector":"[ngx-datatable-header-template]"}]}],"members":{"__ctor__":[{"__symbolic":"constructor","parameters":[{"__symbolic":"reference","module":"@angular/core","name":"TemplateRef","arguments":[{"__symbolic":"reference","name":"any"}]}]}]}}}},{"__symbolic":"module","version":1,"metadata":{"DataTableColumnHeaderDirective":{"__symbolic":"class","decorators":[{"__symbolic":"call","expression":{"__symbolic":"reference","module":"@angular/core","name":"Directive"},"arguments":[{"selector":"[ngx-datatable-header-template]"}]}],"members":{"__ctor__":[{"__symbolic":"constructor","parameters":[{"__symbolic":"reference","module":"@angular/core","name":"TemplateRef","arguments":[{"__symbolic":"reference","name":"any"}]}]}]}}}}]