[{"__symbolic":"module","version":3,"metadata":{"DataTableBodyComponent":{"__symbolic":"class","decorators":[{"__symbolic":"call","expression":{"__symbolic":"reference","module":"@angular/core","name":"Component"},"arguments":[{"selector":"datatable-body","template":"\n    <datatable-selection\n      #selector\n      [selected]=\"selected\"\n      [rows]=\"temp\"\n      [selectCheck]=\"selectCheck\"\n      [selectEnabled]=\"selectEnabled\"\n      [selectionType]=\"selectionType\"\n      [rowIdentity]=\"rowIdentity\"\n      (select)=\"select.emit($event)\"\n      (activate)=\"activate.emit($event)\">\n      <datatable-progress\n        *ngIf=\"loadingIndicator\">\n      </datatable-progress>\n      <datatable-scroller\n        *ngIf=\"rows?.length\"\n        [scrollbarV]=\"scrollbarV\"\n        [scrollbarH]=\"scrollbarH\"\n        [scrollHeight]=\"scrollHeight\"\n        [scrollWidth]=\"columnGroupWidths.total\"\n        (scroll)=\"onBodyScroll($event)\">\n        <datatable-row-wrapper\n          *ngFor=\"let row of temp; let i = index; trackBy: rowTrackingFn;\"\n          [ngStyle]=\"getRowsStyles(row)\"\n          [rowDetail]=\"rowDetail\"\n          [detailRowHeight]=\"getDetailRowHeight(row,i)\"\n          [row]=\"row\"\n          [expanded]=\"row.$$expanded === 1\"\n          (rowContextmenu)=\"rowContextmenu.emit($event)\">\n          <datatable-body-row\n            tabindex=\"-1\"\n            [isSelected]=\"selector.getRowSelected(row)\"\n            [innerWidth]=\"innerWidth\"\n            [offsetX]=\"offsetX\"\n            [columns]=\"columns\"\n            [rowHeight]=\"getRowHeight(row)\"\n            [row]=\"row\"\n            [rowClass]=\"rowClass\"\n            (activate)=\"selector.onActivate($event, i)\">\n          </datatable-body-row>\n        </datatable-row-wrapper>\n      </datatable-scroller>\n      <div\n        class=\"empty-row\"\n        *ngIf=\"!rows?.length\"\n        [innerHTML]=\"emptyMessage\">\n      </div>\n    </datatable-selection>\n  ","host":{"class":"datatable-body"}}]}],"members":{"scrollbarV":[{"__symbolic":"property","decorators":[{"__symbolic":"call","expression":{"__symbolic":"reference","module":"@angular/core","name":"Input"}}]}],"scrollbarH":[{"__symbolic":"property","decorators":[{"__symbolic":"call","expression":{"__symbolic":"reference","module":"@angular/core","name":"Input"}}]}],"loadingIndicator":[{"__symbolic":"property","decorators":[{"__symbolic":"call","expression":{"__symbolic":"reference","module":"@angular/core","name":"Input"}}]}],"rowHeight":[{"__symbolic":"property","decorators":[{"__symbolic":"call","expression":{"__symbolic":"reference","module":"@angular/core","name":"Input"}}]}],"offsetX":[{"__symbolic":"property","decorators":[{"__symbolic":"call","expression":{"__symbolic":"reference","module":"@angular/core","name":"Input"}}]}],"emptyMessage":[{"__symbolic":"property","decorators":[{"__symbolic":"call","expression":{"__symbolic":"reference","module":"@angular/core","name":"Input"}}]}],"selectionType":[{"__symbolic":"property","decorators":[{"__symbolic":"call","expression":{"__symbolic":"reference","module":"@angular/core","name":"Input"}}]}],"selected":[{"__symbolic":"property","decorators":[{"__symbolic":"call","expression":{"__symbolic":"reference","module":"@angular/core","name":"Input"}}]}],"rowIdentity":[{"__symbolic":"property","decorators":[{"__symbolic":"call","expression":{"__symbolic":"reference","module":"@angular/core","name":"Input"}}]}],"rowDetail":[{"__symbolic":"property","decorators":[{"__symbolic":"call","expression":{"__symbolic":"reference","module":"@angular/core","name":"Input"}}]}],"selectCheck":[{"__symbolic":"property","decorators":[{"__symbolic":"call","expression":{"__symbolic":"reference","module":"@angular/core","name":"Input"}}]}],"trackByProp":[{"__symbolic":"property","decorators":[{"__symbolic":"call","expression":{"__symbolic":"reference","module":"@angular/core","name":"Input"}}]}],"rowClass":[{"__symbolic":"property","decorators":[{"__symbolic":"call","expression":{"__symbolic":"reference","module":"@angular/core","name":"Input"}}]}],"pageSize":[{"__symbolic":"property","decorators":[{"__symbolic":"call","expression":{"__symbolic":"reference","module":"@angular/core","name":"Input"}}]}],"rows":[{"__symbolic":"property","decorators":[{"__symbolic":"call","expression":{"__symbolic":"reference","module":"@angular/core","name":"Input"}}]}],"columns":[{"__symbolic":"property","decorators":[{"__symbolic":"call","expression":{"__symbolic":"reference","module":"@angular/core","name":"Input"}}]}],"offset":[{"__symbolic":"property","decorators":[{"__symbolic":"call","expression":{"__symbolic":"reference","module":"@angular/core","name":"Input"}}]}],"rowCount":[{"__symbolic":"property","decorators":[{"__symbolic":"call","expression":{"__symbolic":"reference","module":"@angular/core","name":"Input"}}]}],"innerWidth":[{"__symbolic":"property","decorators":[{"__symbolic":"call","expression":{"__symbolic":"reference","module":"@angular/core","name":"Input"}}]}],"bodyWidth":[{"__symbolic":"property","decorators":[{"__symbolic":"call","expression":{"__symbolic":"reference","module":"@angular/core","name":"HostBinding"},"arguments":["style.width"]}]}],"bodyHeight":[{"__symbolic":"property","decorators":[{"__symbolic":"call","expression":{"__symbolic":"reference","module":"@angular/core","name":"Input"}},{"__symbolic":"call","expression":{"__symbolic":"reference","module":"@angular/core","name":"HostBinding"},"arguments":["style.height"]}]}],"scroll":[{"__symbolic":"property","decorators":[{"__symbolic":"call","expression":{"__symbolic":"reference","module":"@angular/core","name":"Output"}}]}],"page":[{"__symbolic":"property","decorators":[{"__symbolic":"call","expression":{"__symbolic":"reference","module":"@angular/core","name":"Output"}}]}],"activate":[{"__symbolic":"property","decorators":[{"__symbolic":"call","expression":{"__symbolic":"reference","module":"@angular/core","name":"Output"}}]}],"select":[{"__symbolic":"property","decorators":[{"__symbolic":"call","expression":{"__symbolic":"reference","module":"@angular/core","name":"Output"}}]}],"detailToggle":[{"__symbolic":"property","decorators":[{"__symbolic":"call","expression":{"__symbolic":"reference","module":"@angular/core","name":"Output"}}]}],"rowContextmenu":[{"__symbolic":"property","decorators":[{"__symbolic":"call","expression":{"__symbolic":"reference","module":"@angular/core","name":"Output"}}]}],"scroller":[{"__symbolic":"property","decorators":[{"__symbolic":"call","expression":{"__symbolic":"reference","module":"@angular/core","name":"ViewChild"},"arguments":[{"__symbolic":"reference","module":"./scroller.component","name":"ScrollerComponent"}]}]}],"__ctor__":[{"__symbolic":"constructor"}],"ngOnInit":[{"__symbolic":"method"}],"ngOnDestroy":[{"__symbolic":"method"}],"updateOffsetY":[{"__symbolic":"method"}],"onBodyScroll":[{"__symbolic":"method"}],"updatePage":[{"__symbolic":"method"}],"updateRows":[{"__symbolic":"method"}],"getRowHeight":[{"__symbolic":"method"}],"getRowAndDetailHeight":[{"__symbolic":"method"}],"getDetailRowHeight":[{"__symbolic":"method"}],"getRowsStyles":[{"__symbolic":"method"}],"hideIndicator":[{"__symbolic":"method"}],"updateIndexes":[{"__symbolic":"method"}],"refreshRowHeightCache":[{"__symbolic":"method"}],"getAdjustedViewPortIndex":[{"__symbolic":"method"}],"toggleRowExpansion":[{"__symbolic":"method"}],"toggleAllRows":[{"__symbolic":"method"}],"recalcLayout":[{"__symbolic":"method"}]}}}},{"__symbolic":"module","version":1,"metadata":{"DataTableBodyComponent":{"__symbolic":"class","decorators":[{"__symbolic":"call","expression":{"__symbolic":"reference","module":"@angular/core","name":"Component"},"arguments":[{"selector":"datatable-body","template":"\n    <datatable-selection\n      #selector\n      [selected]=\"selected\"\n      [rows]=\"temp\"\n      [selectCheck]=\"selectCheck\"\n      [selectEnabled]=\"selectEnabled\"\n      [selectionType]=\"selectionType\"\n      [rowIdentity]=\"rowIdentity\"\n      (select)=\"select.emit($event)\"\n      (activate)=\"activate.emit($event)\">\n      <datatable-progress\n        *ngIf=\"loadingIndicator\">\n      </datatable-progress>\n      <datatable-scroller\n        *ngIf=\"rows?.length\"\n        [scrollbarV]=\"scrollbarV\"\n        [scrollbarH]=\"scrollbarH\"\n        [scrollHeight]=\"scrollHeight\"\n        [scrollWidth]=\"columnGroupWidths.total\"\n        (scroll)=\"onBodyScroll($event)\">\n        <datatable-row-wrapper\n          *ngFor=\"let row of temp; let i = index; trackBy: rowTrackingFn;\"\n          [ngStyle]=\"getRowsStyles(row)\"\n          [rowDetail]=\"rowDetail\"\n          [detailRowHeight]=\"getDetailRowHeight(row,i)\"\n          [row]=\"row\"\n          [expanded]=\"row.$$expanded === 1\"\n          (rowContextmenu)=\"rowContextmenu.emit($event)\">\n          <datatable-body-row\n            tabindex=\"-1\"\n            [isSelected]=\"selector.getRowSelected(row)\"\n            [innerWidth]=\"innerWidth\"\n            [offsetX]=\"offsetX\"\n            [columns]=\"columns\"\n            [rowHeight]=\"getRowHeight(row)\"\n            [row]=\"row\"\n            [rowClass]=\"rowClass\"\n            (activate)=\"selector.onActivate($event, i)\">\n          </datatable-body-row>\n        </datatable-row-wrapper>\n      </datatable-scroller>\n      <div\n        class=\"empty-row\"\n        *ngIf=\"!rows?.length\"\n        [innerHTML]=\"emptyMessage\">\n      </div>\n    </datatable-selection>\n  ","host":{"class":"datatable-body"}}]}],"members":{"scrollbarV":[{"__symbolic":"property","decorators":[{"__symbolic":"call","expression":{"__symbolic":"reference","module":"@angular/core","name":"Input"}}]}],"scrollbarH":[{"__symbolic":"property","decorators":[{"__symbolic":"call","expression":{"__symbolic":"reference","module":"@angular/core","name":"Input"}}]}],"loadingIndicator":[{"__symbolic":"property","decorators":[{"__symbolic":"call","expression":{"__symbolic":"reference","module":"@angular/core","name":"Input"}}]}],"rowHeight":[{"__symbolic":"property","decorators":[{"__symbolic":"call","expression":{"__symbolic":"reference","module":"@angular/core","name":"Input"}}]}],"offsetX":[{"__symbolic":"property","decorators":[{"__symbolic":"call","expression":{"__symbolic":"reference","module":"@angular/core","name":"Input"}}]}],"emptyMessage":[{"__symbolic":"property","decorators":[{"__symbolic":"call","expression":{"__symbolic":"reference","module":"@angular/core","name":"Input"}}]}],"selectionType":[{"__symbolic":"property","decorators":[{"__symbolic":"call","expression":{"__symbolic":"reference","module":"@angular/core","name":"Input"}}]}],"selected":[{"__symbolic":"property","decorators":[{"__symbolic":"call","expression":{"__symbolic":"reference","module":"@angular/core","name":"Input"}}]}],"rowIdentity":[{"__symbolic":"property","decorators":[{"__symbolic":"call","expression":{"__symbolic":"reference","module":"@angular/core","name":"Input"}}]}],"rowDetail":[{"__symbolic":"property","decorators":[{"__symbolic":"call","expression":{"__symbolic":"reference","module":"@angular/core","name":"Input"}}]}],"selectCheck":[{"__symbolic":"property","decorators":[{"__symbolic":"call","expression":{"__symbolic":"reference","module":"@angular/core","name":"Input"}}]}],"trackByProp":[{"__symbolic":"property","decorators":[{"__symbolic":"call","expression":{"__symbolic":"reference","module":"@angular/core","name":"Input"}}]}],"rowClass":[{"__symbolic":"property","decorators":[{"__symbolic":"call","expression":{"__symbolic":"reference","module":"@angular/core","name":"Input"}}]}],"pageSize":[{"__symbolic":"property","decorators":[{"__symbolic":"call","expression":{"__symbolic":"reference","module":"@angular/core","name":"Input"}}]}],"rows":[{"__symbolic":"property","decorators":[{"__symbolic":"call","expression":{"__symbolic":"reference","module":"@angular/core","name":"Input"}}]}],"columns":[{"__symbolic":"property","decorators":[{"__symbolic":"call","expression":{"__symbolic":"reference","module":"@angular/core","name":"Input"}}]}],"offset":[{"__symbolic":"property","decorators":[{"__symbolic":"call","expression":{"__symbolic":"reference","module":"@angular/core","name":"Input"}}]}],"rowCount":[{"__symbolic":"property","decorators":[{"__symbolic":"call","expression":{"__symbolic":"reference","module":"@angular/core","name":"Input"}}]}],"innerWidth":[{"__symbolic":"property","decorators":[{"__symbolic":"call","expression":{"__symbolic":"reference","module":"@angular/core","name":"Input"}}]}],"bodyWidth":[{"__symbolic":"property","decorators":[{"__symbolic":"call","expression":{"__symbolic":"reference","module":"@angular/core","name":"HostBinding"},"arguments":["style.width"]}]}],"bodyHeight":[{"__symbolic":"property","decorators":[{"__symbolic":"call","expression":{"__symbolic":"reference","module":"@angular/core","name":"Input"}},{"__symbolic":"call","expression":{"__symbolic":"reference","module":"@angular/core","name":"HostBinding"},"arguments":["style.height"]}]}],"scroll":[{"__symbolic":"property","decorators":[{"__symbolic":"call","expression":{"__symbolic":"reference","module":"@angular/core","name":"Output"}}]}],"page":[{"__symbolic":"property","decorators":[{"__symbolic":"call","expression":{"__symbolic":"reference","module":"@angular/core","name":"Output"}}]}],"activate":[{"__symbolic":"property","decorators":[{"__symbolic":"call","expression":{"__symbolic":"reference","module":"@angular/core","name":"Output"}}]}],"select":[{"__symbolic":"property","decorators":[{"__symbolic":"call","expression":{"__symbolic":"reference","module":"@angular/core","name":"Output"}}]}],"detailToggle":[{"__symbolic":"property","decorators":[{"__symbolic":"call","expression":{"__symbolic":"reference","module":"@angular/core","name":"Output"}}]}],"rowContextmenu":[{"__symbolic":"property","decorators":[{"__symbolic":"call","expression":{"__symbolic":"reference","module":"@angular/core","name":"Output"}}]}],"scroller":[{"__symbolic":"property","decorators":[{"__symbolic":"call","expression":{"__symbolic":"reference","module":"@angular/core","name":"ViewChild"},"arguments":[{"__symbolic":"reference","module":"./scroller.component","name":"ScrollerComponent"}]}]}],"__ctor__":[{"__symbolic":"constructor"}],"ngOnInit":[{"__symbolic":"method"}],"ngOnDestroy":[{"__symbolic":"method"}],"updateOffsetY":[{"__symbolic":"method"}],"onBodyScroll":[{"__symbolic":"method"}],"updatePage":[{"__symbolic":"method"}],"updateRows":[{"__symbolic":"method"}],"getRowHeight":[{"__symbolic":"method"}],"getRowAndDetailHeight":[{"__symbolic":"method"}],"getDetailRowHeight":[{"__symbolic":"method"}],"getRowsStyles":[{"__symbolic":"method"}],"hideIndicator":[{"__symbolic":"method"}],"updateIndexes":[{"__symbolic":"method"}],"refreshRowHeightCache":[{"__symbolic":"method"}],"getAdjustedViewPortIndex":[{"__symbolic":"method"}],"toggleRowExpansion":[{"__symbolic":"method"}],"toggleAllRows":[{"__symbolic":"method"}],"recalcLayout":[{"__symbolic":"method"}]}}}}]