[{"__symbolic":"module","version":3,"metadata":{},"exports":[{"from":"./body.component"},{"from":"./body-cell.component"},{"from":"./body-row.component"},{"from":"./progress-bar.component"},{"from":"./scroller.component"},{"from":"./body-row-wrapper.component"},{"from":"./selection.component"}]},{"__symbolic":"module","version":1,"metadata":{},"exports":[{"from":"./body.component"},{"from":"./body-cell.component"},{"from":"./body-row.component"},{"from":"./progress-bar.component"},{"from":"./scroller.component"},{"from":"./body-row-wrapper.component"},{"from":"./selection.component"}]}]