[{"__symbolic":"module","version":3,"metadata":{"ProgressBarComponent":{"__symbolic":"class","decorators":[{"__symbolic":"call","expression":{"__symbolic":"reference","module":"@angular/core","name":"Component"},"arguments":[{"selector":"datatable-progress","template":"\n    <div class=\"progress-linear\" role=\"progressbar\">\n      <div class=\"container\">\n        <div class=\"bar\"></div>\n      </div>\n    </div>\n  ","changeDetection":{"__symbolic":"select","expression":{"__symbolic":"reference","module":"@angular/core","name":"ChangeDetectionStrategy"},"member":"OnPush"}}]}]}}},{"__symbolic":"module","version":1,"metadata":{"ProgressBarComponent":{"__symbolic":"class","decorators":[{"__symbolic":"call","expression":{"__symbolic":"reference","module":"@angular/core","name":"Component"},"arguments":[{"selector":"datatable-progress","template":"\n    <div class=\"progress-linear\" role=\"progressbar\">\n      <div class=\"container\">\n        <div class=\"bar\"></div>\n      </div>\n    </div>\n  ","changeDetection":{"__symbolic":"select","expression":{"__symbolic":"reference","module":"@angular/core","name":"ChangeDetectionStrategy"},"member":"OnPush"}}]}]}}}]