[{"__symbolic":"module","version":3,"metadata":{"emptyStringGetter":{"__symbolic":"function","parameters":[],"value":""},"getterForProp":{"__symbolic":"function"},"numericIndexGetter":{"__symbolic":"function"},"shallowValueGetter":{"__symbolic":"function"},"deepValueGetter":{"__symbolic":"function"}}},{"__symbolic":"module","version":1,"metadata":{"emptyStringGetter":{"__symbolic":"function","parameters":[],"value":""},"getterForProp":{"__symbolic":"function"},"numericIndexGetter":{"__symbolic":"function"},"shallowValueGetter":{"__symbolic":"function"},"deepValueGetter":{"__symbolic":"function"}}}]