[{"__symbolic":"module","version":3,"metadata":{},"exports":[{"from":"./id"},{"from":"./column"},{"from":"./column-prop-getters"},{"from":"./camel-case"},{"from":"./keys"},{"from":"./math"},{"from":"./prefixes"},{"from":"./selection"},{"from":"./translate"},{"from":"./throttle"},{"from":"./sort"},{"from":"./row-height-cache"},{"from":"./column-helper"},{"from":"./elm-from-point"}]},{"__symbolic":"module","version":1,"metadata":{},"exports":[{"from":"./id"},{"from":"./column"},{"from":"./column-prop-getters"},{"from":"./camel-case"},{"from":"./keys"},{"from":"./math"},{"from":"./prefixes"},{"from":"./selection"},{"from":"./translate"},{"from":"./throttle"},{"from":"./sort"},{"from":"./row-height-cache"},{"from":"./column-helper"},{"from":"./elm-from-point"}]}]