[{"__symbolic":"module","version":3,"metadata":{"ColumnMode":{"standard":{"__symbolic":"error","message":"Expression form not supported","line":1,"character":13},"flex":{"__symbolic":"error","message":"Expression form not supported","line":2,"character":9},"force":{"__symbolic":"error","message":"Expression form not supported","line":3,"character":10}}}},{"__symbolic":"module","version":1,"metadata":{"ColumnMode":{"standard":{"__symbolic":"error","message":"Expression form not supported","line":1,"character":13},"flex":{"__symbolic":"error","message":"Expression form not supported","line":2,"character":9},"force":{"__symbolic":"error","message":"Expression form not supported","line":3,"character":10}}}}]