[{"__symbolic":"module","version":3,"metadata":{},"exports":[{"from":"./column-mode.type"},{"from":"./sort.type"},{"from":"./sort-direction.type"},{"from":"./selection.type"},{"from":"./click.type"},{"from":"./table-column.type"},{"from":"./sort-prop-dir.type"}]},{"__symbolic":"module","version":1,"metadata":{},"exports":[{"from":"./column-mode.type"},{"from":"./sort.type"},{"from":"./sort-direction.type"},{"from":"./selection.type"},{"from":"./click.type"},{"from":"./table-column.type"},{"from":"./sort-prop-dir.type"}]}]