[{"__symbolic":"module","version":3,"metadata":{"SortDirection":{"asc":{"__symbolic":"error","message":"Expression form not supported","line":1,"character":8},"desc":{"__symbolic":"error","message":"Expression form not supported","line":2,"character":9}}}},{"__symbolic":"module","version":1,"metadata":{"SortDirection":{"asc":{"__symbolic":"error","message":"Expression form not supported","line":1,"character":8},"desc":{"__symbolic":"error","message":"Expression form not supported","line":2,"character":9}}}}]