[{"__symbolic":"module","version":3,"metadata":{"SortType":{"single":{"__symbolic":"error","message":"Expression form not supported","line":1,"character":11},"multi":{"__symbolic":"error","message":"Expression form not supported","line":2,"character":10}}}},{"__symbolic":"module","version":1,"metadata":{"SortType":{"single":{"__symbolic":"error","message":"Expression form not supported","line":1,"character":11},"multi":{"__symbolic":"error","message":"Expression form not supported","line":2,"character":10}}}}]